Workbook
Name mkt_date: '[4]RMT Feeder'!$M$31
Name Project_Name: '[5]Base Info'!$D$3
Name ReportCreated: TRUE

Sheet 가정
A1: 추정손익계산서 — 주요 가정
A2: 항목 | B2: 값 | C2: 비고
A3: 매출원가율 | B3: 0.83 | C3: 매출 대비 비율
A4: ── 판관비 ──
A5: 인건비성장율 | B5: 0.04 | C5: 전년 대비
A6: 감가상각비 성장율 | B6: 0 | C6: 전년 대비
A7: 대손상각비 | B7: 0 | C7: 매출 대비 비율
A8: 기타 판관비 성장율 | B8: 0.03 | C8: 매출 대비 비율
A9: ── 영업외 ──
A10: 이자율 (차입금) | B10: 0.04 | C10: 평균 차입이자율
A11: ── 법인세 ──
A12: 법인세율 | B12: 0.22 | C12: 과세표준 적용세율

Sheet Sheet1

Sheet 추정손익계산서
B1: 추정손익계산서
I2: (단위 : 원)
B3: 항목 | C3: 전전기 실적 | D3: 전기실적 | E3: 당기실적 | F3: FY2026 | G3: FY2027 | H3: FY2028 | I3: FY2028
B4: Ⅰ. 매출액
B5: 제품 매출 | C5: 20152225789 | D5: 23676781081 | E5: 17908418139 | F5: 25000000000 | G5: 30000000000 | H5: 35000000000 | I5: 40000000000
B6: 상품 매출 | C6: =35986309772-20152225789 -> 15834083983 | D6: 16182176623 | E6: =1493030277+15656994948 -> 17150025225 | F6: 15000000000 | G6: 22000000000 | H6: 25000000000 | I6: 30000000000
B7: 매출액 합계 | C7: =SUM(C5:C6) -> 35986309772 | D7: =SUM(D5:D6) -> 39858957704 | E7: =SUM(E5:E6) -> 35058443364 | F7: =SUM(F5:F6) -> 40000000000 | G7: =SUM(G5:G6) -> 52000000000 | H7: =SUM(H5:H6) -> 60000000000 | I7: =SUM(I5:I6) -> 70000000000
B8: Ⅱ. 매출원가
B9: 제품매출원가 | C9: 18513911076 | D9: 23077354259 | E9: 18079823647 | F9: =F5*가정!$B$3 -> 20750000000 | G9: =G5*가정!$B$3 -> 24900000000 | H9: =H5*가정!$B$3 -> 29050000000 | I9: =I5*가정!$B$3 -> 33200000000
B10: 상품매출원가 | C10: 14074892199 | D10: 12739722350 | E10: 13194442088 | F10: =F6*가정!$B$3 -> 12450000000 | G10: =G6*가정!$B$3 -> 18260000000 | H10: =H6*가정!$B$3 -> 20750000000 | I10: =I6*가정!$B$3 -> 24900000000
B11: 매출원가 합계 | C11: =SUM(C9:C10) -> 32588803275 | D11: =SUM(D9:D10) -> 35817076609 | E11: =SUM(E9:E10) -> 31274265735 | F11: =SUM(F9:F10) -> 33200000000 | G11: =SUM(G9:G10) -> 43160000000 | H11: =SUM(H9:H10) -> 49800000000 | I11: =SUM(I9:I10) -> 58100000000
B12: Ⅲ. 매출총이익 | C12: =C7-C11 -> 3397506497 | D12: =D7-D11 -> 4041881095 | E12: =E7-E11 -> 3784177629 | F12: =F7-F11 -> 6800000000 | G12: =G7-G11 -> 8840000000 | H12: =H7-H11 -> 10200000000 | I12: =I7-I11 -> 11900000000
B13: 매출총이익률 | C13: =IFERROR(C12/C7,0) -> 0.094411084 | D13: =IFERROR(D12/D7,0) -> 0.10140459 | E13: =IFERROR(E12/E7,0) -> 0.10793912 | F13: =IFERROR(F12/F7,0) -> 0.17 | G13: =IFERROR(G12/G7,0) -> 0.17 | H13: =IFERROR(H12/H7,0) -> 0.17 | I13: =IFERROR(I12/I7,0) -> 0.17
B14: Ⅳ. 판매비와관리비
B15: 인건비 | C15: =416282687+286041961+6403537+64419509 -> 773147694 | D15: 913927002 | E15: 1277062518 | F15: =E15*(1+가정!$B$5) -> 1.328145e+09 | G15: =F15*(1+가정!$B$5) -> 1.3812708e+09 | H15: =G15*(1+가정!$B$5) -> 1.4365217e+09 | I15: =H15*(1+가정!$B$5) -> 1.4939825e+09
B16: 감가상각비 | C16: =126432156+358124 -> 126790280 | D16: 129525863 | E16: 195014933 | F16: =$E$16+CAPEX!C14+CAPEX!C15 -> 320014933 | G16: =$E$16+CAPEX!D14+CAPEX!D15 -> 370014933 | H16: =$E$16+CAPEX!E14+CAPEX!E15 -> 420014933 | I16: =$E$16+CAPEX!F14+CAPEX!F15 -> 420014933
B17: 대손상각비 | E17: 6369547050
B18: 기타 판관비 | C18: =1500542911-C15-C16 -> 600604937 | D18: 940633588 | E18: 1132691907 | F18: =F7*가정!$B$8 -> 1200000000 | G18: =G7*가정!$B$8 -> 1560000000 | H18: =H7*가정!$B$8 -> 1800000000 | I18: =I7*가정!$B$8 -> 2100000000
B19: 판관비 합계 | C19: =SUM(C15:C18) -> 1500542911 | D19: =SUM(D15:D18) -> 1984086453 | E19: =SUM(E15:E18) -> 8974316408 | F19: =SUM(F15:F18) -> 2.84816e+09 | G19: =SUM(G15:G18) -> 3.3112858e+09 | H19: =SUM(H15:H18) -> 3.6565366e+09 | I19: =SUM(I15:I18) -> 4.0139975e+09
B20: Ⅴ. 영업이익 | C20: =C12-C19 -> 1896963586 | D20: =D12-D19 -> 2057794642 | E20: =E12-E19 -> -5190138779 | F20: =F12-F19 -> 3.95184e+09 | G20: =G12-G19 -> 5.5287142e+09 | H20: =H12-H19 -> 6.5434634e+09 | I20: =I12-I19 -> 7.8860025e+09
B21: 영업이익률 | C21: =IFERROR(C20/C7,0) -> 0.052713479 | D21: =IFERROR(D20/D7,0) -> 0.051626905 | E21: =IFERROR(E20/E7,0) -> -0.14804248 | F21: =IFERROR(F20/F7,0) -> 0.098796001 | G21: =IFERROR(G20/G7,0) -> 0.10632143 | H21: =IFERROR(H20/H7,0) -> 0.10905772 | I21: =IFERROR(I20/I7,0) -> 0.11265718
B22: Ⅵ. 영업외수익/비용
B23: 이자수익 | C23: 2307828 | D23: 9969973 | E23: 2015305 | F23: =E23 -> 2015305 | G23: =E23 -> 2015305 | H23: =G23 -> 2015305 | I23: =H23 -> 2015305
B24: 지분법손실 | E24: -1864477018 | F24: 3.8187031e+08 | G24: 3.8187031e+08 | H24: =G24 -> 3.8187031e+08 | I24: =H24 -> 3.8187031e+08
B25: 대손상각비 | E25: -450000000
B26: 이자비용 | C26: -562203615 | D26: -888960220 | E26: -851483342 | F26: =E26-200000000 -> -1051483342 | G26: =F26 -> -1051483342 | H26: =G26 -> -1051483342 | I26: =H26 -> -1051483342
B27: 기타 영업외 | C27: =C28-SUM(C23:C26) -> -26716447 | D27: =D28-SUM(D23:D26) -> 930203791 | E27: =E28-SUM(E23:E26) -> 63375607 | F27: =E27 -> 63375607 | G27: =E27 -> 63375607 | H27: =G27 -> 63375607 | I27: =H27 -> 63375607
B28: 영업외 합계(순) | C28: =230982834-817595068 -> -586612234 | D28: =1239933538-1188719994 -> 51213544 | E28: =424082271-3524651719 -> -3100569448 | F28: =SUM(F23:F27) -> -6.0422212e+08 | G28: =SUM(G23:G27) -> -6.0422212e+08 | H28: =SUM(H23:H27) -> -6.0422212e+08 | I28: =SUM(I23:I27) -> -6.0422212e+08
B29: Ⅶ. 법인세차감전순이익 | C29: =C20+C28 -> 1310351352 | D29: =D20+D28 -> 2109008186 | E29: =E20+E28 -> -8290708227 | F29: =F20+F28 -> 3.3476179e+09 | G29: =G20+G28 -> 4.9244921e+09 | H29: =H20+H28 -> 5.9392413e+09 | I29: =I20+I28 -> 7.2817804e+09
B30: Ⅷ. 법인세비용 | C30: 208456787 | D30: 496600138 | E30: 78338542 | F30: =MAX(F29*가정!$B$12,0) -> 7.3647594e+08 | G30: =MAX(G29*가정!$B$12,0) -> 1.0833883e+09 | H30: =MAX(H29*가정!$B$12,0) -> 1.3066331e+09 | I30: =MAX(I29*가정!$B$12,0) -> 1.6019917e+09
B31: Ⅸ. 당기순이익 | C31: =C29-C30 -> 1101894565 | D31: =D29-D30 -> 1612408048 | E31: =E29-E30 -> -8369046769 | F31: =F29-F30 -> 2.611142e+09 | G31: =G29-G30 -> 3.8411039e+09 | H31: =H29-H30 -> 4.6326082e+09 | I31: =I29-I30 -> 5.6797887e+09
B32: 순이익률 | C32: =IFERROR(C31/C7,0) -> 0.030619827 | D32: =IFERROR(D31/D7,0) -> 0.04045284 | E32: =IFERROR(E31/E7,0) -> -0.23871701 | F32: =IFERROR(F31/F7,0) -> 0.06527855 | G32: =IFERROR(G31/G7,0) -> 0.073867382 | H32: =IFERROR(H31/H7,0) -> 0.077210137 | I32: =IFERROR(I31/I7,0) -> 0.081139839

Sheet CAPEX
B1: CAPEX forecast
B3: 유형자산 투자액 추정
B5: 원 | C5: FY2026 | D5: FY2027 | E5: FY2028 | F5: FY2029
B6: R&D장비 | D6: 500000000 | E6: 500000000
B7: 토지 | C7: 6000000000
B8: 건물 | C8: 5000000000
B11: 합계 | C11: =SUM(C6:C10) -> 11000000000 | D11: =SUM(D6:D10) -> 500000000 | E11: =SUM(E6:E10) -> 500000000 | F11: =SUM(F6:F10) -> 0
B14: R&D장비 감가상각 | D14: =D6/10 -> 50000000 | E14: =(D6+E6)/10 -> 100000000 | F14: =E14 -> 100000000
B15: 토지/건물 감가상각 | C15: =C8/40 -> 125000000 | D15: =C15 -> 125000000 | E15: =D15 -> 125000000 | F15: =E15 -> 125000000
C16: =D16/2 -> 0

Sheet 추정손익 (마스크 구분)
B1: 추정손익계산서
U2: (단위 : 원)
B3: 항목 | C3: 2023 | F3: 2024 | I3: 2025 | L3: FY2026 | O3: FY2027 | R3: FY2028 | U3: FY2028
B4: Ⅰ. 매출액 | C4: 합계 | D4: 마스크 | E4: 소재 | F4: 합계 | G4: 마스크 | H4: 소재 | I4: 합계 | J4: 마스크 | K4: 소재 | L4: 합계 | M4: 마스크 | N4: 소재 | O4: 합계 | P4: 마스크 | Q4: 소재 | R4: 합계 | S4: 마스크 | T4: 소재 | U4: 합계 | V4: 마스크 | W4: 소재
B5: 제품 매출 | C5: 20152225789 | D5: 10452762620 | E5: =C5-D5 -> 9699463169 | F5: 23676781081 | G5: 10062974500 | H5: =F5-G5 -> 13613806581 | I5: 17908418139 | J5: 5567132948 | K5: =I5-J5 -> 12341285191 | L5: 25000000000 | M5: 16000000000 | N5: =L5-M5 -> 9000000000 | O5: 30000000000 | P5: =33000000000*0.75 -> 24750000000 | Q5: =O5-P5 -> 5250000000 | R5: 35000000000 | S5: =33000000000*0.8+60000000000*0.05 -> 29400000000 | T5: =R5-S5 -> 5600000000 | U5: 40000000000 | V5: =33000000000*0.8+60000000000*0.15 -> 35400000000 | W5: =U5-V5 -> 4600000000
B6: 상품 매출 | C6: =35986309772-20152225789 -> 15834083983 | E6: =C6-D6 -> 15834083983 | F6: 16182176623 | H6: =F6-G6 -> 16182176623 | I6: =1493030277+15656994948 -> 17150025225 | K6: =I6-J6 -> 17150025225 | L6: 15000000000 | N6: =L6-M6 -> 15000000000 | O6: 22000000000 | Q6: =O6-P6 -> 22000000000 | R6: 25000000000 | T6: =R6-S6 -> 25000000000 | U6: 30000000000 | W6: =U6-V6 -> 30000000000
B7: 매출액 합계 | C7: =SUM(C5:C6) -> 35986309772 | D7: =SUM(D5:D6) -> 10452762620 | E7: =C7-D7 -> 25533547152 | F7: =SUM(F5:F6) -> 39858957704 | G7: =SUM(G5:G6) -> 10062974500 | H7: =F7-G7 -> 29795983204 | I7: =SUM(I5:I6) -> 35058443364 | J7: =SUM(J5:J6) -> 5567132948 | K7: =I7-J7 -> 29491310416 | L7: =SUM(L5:L6) -> 40000000000 | M7: =SUM(M5:M6) -> 16000000000 | N7: =L7-M7 -> 24000000000 | O7: =SUM(O5:O6) -> 52000000000 | P7: =SUM(P5:P6) -> 24750000000 | Q7: =O7-P7 -> 27250000000 | R7: =SUM(R5:R6) -> 60000000000 | S7: =SUM(S5:S6) -> 29400000000 | T7: =R7-S7 -> 30600000000 | U7: =SUM(U5:U6) -> 70000000000 | V7: =SUM(V5:V6) -> 35400000000 | W7: =U7-V7 -> 34600000000
B8: Ⅱ. 매출원가 | E8: =C8-D8 -> 0 | H8: =F8-G8 -> 0 | K8: =I8-J8 -> 0 | N8: =L8-M8 -> 0
B9: 제품매출원가 | C9: 18513911076 | D9: =D5-D12 -> 9081343603 | E9: =C9-D9 -> 9432567473 | F9: 23077354259 | G9: =G5-G12 -> 8651407794 | H9: =F9-G9 -> 14425946465 | I9: 18079823647 | J9: =J5-J12 -> 4758075001 | K9: =I9-J9 -> 13321748646 | L9: =L5*가정!$B$3 -> 20750000000 | M9: =M5*(1-M13) -> 13440000000 | N9: =L9-M9 -> 7310000000 | O9: =O5*가정!$B$3 -> 24900000000 | P9: =P5*(1-P13) -> 20790000000 | Q9: =O9-P9 -> 4110000000 | R9: =R5*가정!$B$3 -> 29050000000 | S9: =S5*(1-S13) -> 24696000000 | T9: =R9-S9 -> 4354000000 | U9: =U5*가정!$B$3 -> 33200000000 | V9: =V5*(1-V13) -> 29736000000 | W9: =U9-V9 -> 3464000000
B10: 상품매출원가 | C10: 14074892199 | E10: =C10-D10 -> 14074892199 | F10: 12739722350 | H10: =F10-G10 -> 12739722350 | I10: 13194442088 | K10: =I10-J10 -> 13194442088 | L10: =L6*가정!$B$3 -> 12450000000 | N10: =L10-M10 -> 12450000000 | O10: =O6*가정!$B$3 -> 18260000000 | Q10: =O10-P10 -> 18260000000 | R10: =R6*가정!$B$3 -> 20750000000 | T10: =R10-S10 -> 20750000000 | U10: =U6*가정!$B$3 -> 24900000000 | W10: =U10-V10 -> 24900000000
B11: 매출원가 합계 | C11: =SUM(C9:C10) -> 32588803275 | D11: =SUM(D9:D10) -> 9081343603 | E11: =C11-D11 -> 23507459672 | F11: =SUM(F9:F10) -> 35817076609 | G11: =SUM(G9:G10) -> 8651407794 | H11: =F11-G11 -> 27165668815 | I11: =SUM(I9:I10) -> 31274265735 | J11: =SUM(J9:J10) -> 4758075001 | K11: =I11-J11 -> 26516190734 | L11: =SUM(L9:L10) -> 33200000000 | M11: =SUM(M9:M10) -> 13440000000 | N11: =L11-M11 -> 19760000000 | O11: =SUM(O9:O10) -> 43160000000 | P11: =SUM(P9:P10) -> 20790000000 | Q11: =O11-P11 -> 22370000000 | R11: =SUM(R9:R10) -> 49800000000 | S11: =SUM(S9:S10) -> 24696000000 | T11: =R11-S11 -> 25104000000 | U11: =SUM(U9:U10) -> 58100000000 | V11: =SUM(V9:V10) -> 29736000000 | W11: =U11-V11 -> 28364000000
B12: Ⅲ. 매출총이익 | C12: =C7-C11 -> 3397506497 | D12: 1371419017 | E12: =C12-D12 -> 2026087480 | F12: =F7-F11 -> 4041881095 | G12: 1411566706 | H12: =F12-G12 -> 2630314389 | I12: =I7-I11 -> 3784177629 | J12: 809057947 | K12: =I12-J12 -> 2975119682 | L12: =L7-L11 -> 6800000000 | M12: =M7-M11 -> 2560000000 | N12: =L12-M12 -> 4240000000 | O12: =O7-O11 -> 8840000000 | P12: =P7-P11 -> 3960000000 | Q12: =O12-P12 -> 4880000000 | R12: =R7-R11 -> 10200000000 | S12: =S7-S11 -> 4704000000 | T12: =R12-S12 -> 5496000000 | U12: =U7-U11 -> 11900000000 | V12: =V7-V11 -> 5664000000 | W12: =U12-V12 -> 6236000000
B13: 매출총이익률 | C13: =IFERROR(C12/C7,0) -> 0.094411084 | D13: =IFERROR(D12/D7,0) -> 0.13120158 | E13: =IFERROR(E12/E7,0) -> 0.07935002 | F13: =IFERROR(F12/F7,0) -> 0.10140459 | G13: =IFERROR(G12/G7,0) -> 0.14027331 | H13: =IFERROR(H12/H7,0) -> 0.088277483 | I13: =IFERROR(I12/I7,0) -> 0.10793912 | J13: =IFERROR(J12/J7,0) -> 0.14532758 | ... L13: =IFERROR(L12/L7,0) -> 0.17 | M13: 0.16 | N13: =IFERROR(N12/N7,0) -> 0.17666667 | O13: =IFERROR(O12/O7,0) -> 0.17 | P13: =M13 -> 0.16 | Q13: =IFERROR(Q12/Q7,0) -> 0.17908257 | R13: =IFERROR(R12/R7,0) -> 0.17 | S13: =P13 -> 0.16 | T13: =IFERROR(T12/T7,0) -> 0.17960784 | U13: =IFERROR(U12/U7,0) -> 0.17 | V13: =S13 -> 0.16 | W13: =IFERROR(W12/W7,0) -> 0.18023121
B14: Ⅳ. 판매비와관리비
B15: 인건비 | C15: =416282687+286041961+6403537+64419509 -> 773147694 | F15: 913927002 | I15: 1277062518 | L15: =I15*(1+가정!$B$5) -> 1.328145e+09 | O15: =L15*(1+가정!$B$5) -> 1.3812708e+09 | R15: =O15*(1+가정!$B$5) -> 1.4365217e+09 | U15: =R15*(1+가정!$B$5) -> 1.4939825e+09
B16: 감가상각비 | C16: =126432156+358124 -> 126790280 | F16: 129525863 | I16: 195014933 | L16: =$I$16+CAPEX!C14+CAPEX!C15 -> 320014933 | O16: =$I$16+CAPEX!D14+CAPEX!D15 -> 370014933 | R16: =$I$16+CAPEX!E14+CAPEX!E15 -> 420014933 | U16: =$I$16+CAPEX!F14+CAPEX!F15 -> 420014933
B17: 대손상각비 | I17: 6369547050
B18: 기타 판관비 | C18: =1500542911-C15-C16 -> 600604937 | F18: 940633588 | I18: 1132691907 | L18: =L7*가정!$B$8 -> 1200000000 | O18: =O7*가정!$B$8 -> 1560000000 | R18: =R7*가정!$B$8 -> 1800000000 | U18: =U7*가정!$B$8 -> 2100000000
B19: 판관비 합계 | C19: =SUM(C15:C18) -> 1500542911 | F19: =SUM(F15:F18) -> 1984086453 | I19: =SUM(I15:I18) -> 8974316408 | L19: =SUM(L15:L18) -> 2.84816e+09 | O19: =SUM(O15:O18) -> 3.3112858e+09 | R19: =SUM(R15:R18) -> 3.6565366e+09 | U19: =SUM(U15:U18) -> 4.0139975e+09
B20: Ⅴ. 영업이익 | C20: =C12-C19 -> 1896963586 | F20: =F12-F19 -> 2057794642 | I20: =I12-I19 -> -5190138779 | L20: =L12-L19 -> 3.95184e+09 | O20: =O12-O19 -> 5.5287142e+09 | R20: =R12-R19 -> 6.5434634e+09 | U20: =U12-U19 -> 7.8860025e+09
B21: 영업이익률 | C21: =IFERROR(C20/C7,0) -> 0.052713479 | F21: =IFERROR(F20/F7,0) -> 0.051626905 | I21: =IFERROR(I20/I7,0) -> -0.14804248 | L21: =IFERROR(L20/L7,0) -> 0.098796001 | O21: =IFERROR(O20/O7,0) -> 0.10632143 | R21: =IFERROR(R20/R7,0) -> 0.10905772 | U21: =IFERROR(U20/U7,0) -> 0.11265718
B22: Ⅵ. 영업외수익/비용
B23: 이자수익 | C23: 2307828 | F23: 9969973 | I23: 2015305 | L23: =I23 -> 2015305 | O23: =I23 -> 2015305 | R23: =O23 -> 2015305 | U23: =R23 -> 2015305
B24: 지분법손실 | I24: -1864477018 | L24: 3.8187031e+08 | O24: 3.8187031e+08 | R24: =O24 -> 3.8187031e+08 | U24: =R24 -> 3.8187031e+08
B25: 대손상각비 | I25: -450000000
B26: 이자비용 | C26: -562203615 | F26: -888960220 | I26: -851483342 | L26: =I26-200000000 -> -1051483342 | O26: =L26 -> -1051483342 | R26: =O26 -> -1051483342 | U26: =R26 -> -1051483342
B27: 기타 영업외 | C27: =C28-SUM(C23:C26) -> -26716447 | F27: =F28-SUM(F23:F26) -> 930203791 | I27: =I28-SUM(I23:I26) -> 63375607 | L27: =I27 -> 63375607 | O27: =I27 -> 63375607 | R27: =O27 -> 63375607 | U27: =R27 -> 63375607
B28: 영업외 합계(순) | C28: =230982834-817595068 -> -586612234 | F28: =1239933538-1188719994 -> 51213544 | I28: =424082271-3524651719 -> -3100569448 | L28: =SUM(L23:L27) -> -6.0422212e+08 | O28: =SUM(O23:O27) -> -6.0422212e+08 | R28: =SUM(R23:R27) -> -6.0422212e+08 | U28: =SUM(U23:U27) -> -6.0422212e+08
B29: Ⅶ. 법인세차감전순이익 | C29: =C20+C28 -> 1310351352 | F29: =F20+F28 -> 2109008186 | I29: =I20+I28 -> -8290708227 | L29: =L20+L28 -> 3.3476179e+09 | O29: =O20+O28 -> 4.9244921e+09 | R29: =R20+R28 -> 5.9392413e+09 | U29: =U20+U28 -> 7.2817804e+09
B30: Ⅷ. 법인세비용 | C30: 208456787 | F30: 496600138 | I30: 78338542 | L30: =MAX(L29*가정!$B$12,0) -> 7.3647594e+08 | O30: =MAX(O29*가정!$B$12,0) -> 1.0833883e+09 | R30: =MAX(R29*가정!$B$12,0) -> 1.3066331e+09 | U30: =MAX(U29*가정!$B$12,0) -> 1.6019917e+09
B31: Ⅸ. 당기순이익 | C31: =C29-C30 -> 1101894565 | F31: =F29-F30 -> 1612408048 | I31: =I29-I30 -> -8369046769 | L31: =L29-L30 -> 2.611142e+09 | O31: =O29-O30 -> 3.8411039e+09 | R31: =R29-R30 -> 4.6326082e+09 | U31: =U29-U30 -> 5.6797887e+09
B32: 순이익률 | C32: =IFERROR(C31/C7,0) -> 0.030619827 | F32: =IFERROR(F31/F7,0) -> 0.04045284 | I32: =IFERROR(I31/I7,0) -> -0.23871701 | L32: =IFERROR(L31/L7,0) -> 0.06527855 | O32: =IFERROR(O31/O7,0) -> 0.073867382 | R32: =IFERROR(R31/R7,0) -> 0.077210137 | U32: =IFERROR(U31/U7,0) -> 0.081139839

Sheet Sheet2
G3: =43000000000/0.7 -> 6.1428571e+10
G7: =G3*60% -> 3.6857143e+10
